store_id,dept_id,n,mae,rmse,smape,mean_sales
CA_1,FOODS_1,6048,0.94031974014926,1.8910195291714926,1.4712642250173442,1.2435515873015872
CA_1,FOODS_2,4816,0.7670589591953257,1.5371852207649057,1.4824603960688427,1.1999584717607974
CA_1,HOBBIES_1,11648,0.681771946732312,1.8180599484347457,1.6431702002289326,0.7120535714285714
CA_1,HOBBIES_2,4172,0.21652940058582693,0.5447311566368319,1.937527778712416,0.13950143815915628
CA_1,HOUSEHOLD_1,14896,0.7346354334647082,1.6053088366158417,1.4815153014727704,1.0196697099892589
CA_1,HOUSEHOLD_2,14420,0.3245953739485061,0.5751738096293589,1.8099280600319052,0.24597780859916782
