cat_id,state_id,n,mae,rmse,smape,mean_sales
FOODS,CA,10864,0.8635134145717428,1.7430507493915077,1.4762274761020293,1.2242268041237114
HOBBIES,CA,15820,0.5590796646512036,1.5849040812814041,1.7207972430502405,0.5610619469026549
HOUSEHOLD,CA,29316,0.5329442867112755,1.213324459117771,1.643055483572058,0.6391049256378769
